inf_model,min_ess,max_rhat
IID,1685.75298811895,1.00094895201182
Besag,1056.31776267438,1.00090769705307
BYM2,34.88493345283,1.0580813477627
FCK,354.549915745246,1.0111453250602
FIK,288.993973839731,1.00627842863753
CK,1471.02900408883,1.00113872012566
IK,1622.53154757664,1.00073622191329
