inf_model,aghq,tmbstan
IID,0.0519999999999925,5.06200000000001
Besag,0.280999999999977,92.542
BYM2,0.125,95.266
FCK,0.0990000000000464,15.29
FIK,0.258000000000038,17.839
CK,0.222999999999956,12.7140000000001
IK,5.34800000000001,529.314
