time,method,software
0.10499999999956344,"Gaussian, EB",TMB
0.42599999999947613,"Gaussian, AGHQ",TMB
9.17500000000291,"Laplace, EB",TMB
31.078999999997905,"Laplace, AGHQ",TMB
7.332000000002154," Gaussian, EB",R-INLA
4.059000000001106,"Gaussian, grid",R-INLA
4.118999999998778," Laplace, EB",R-INLA
6.3180000000029395,"Laplace, grid",R-INLA
28.762000000002445,NUTS,tmbstan
73.96199999999953, NUTS,rstan
