time,method,software
0.12399999999979627,"Gaussian, EB",TMB
0.61200000000008,"Gaussian, AGHQ",TMB
8.038000000000011,"Laplace, EB",TMB
31.121999999999844,"Laplace, AGHQ",TMB
7.778000000000247," Gaussian, EB",R-INLA
4.336999999999989,"Gaussian, grid",R-INLA
4.079999999999927," Laplace, EB",R-INLA
6.304000000000087,"Laplace, grid",R-INLA
30.814000000000306,NUTS,tmbstan
61.35799999999972, NUTS,rstan
